INSERT INTO NIVEAU_CONFORT (idNiveauConfort, nomNiveauConfort, descriptionNiveauConfort) VALUES (1, 'Ville', 'Étape correspond à une ville');
INSERT INTO NIVEAU_CONFORT (idNiveauConfort, nomNiveauConfort, descriptionNiveauConfort) VALUES (2, 'Refuge', 'Étape correspond à un refuge');
INSERT INTO NIVEAU_CONFORT (idNiveauConfort, nomNiveauConfort, descriptionNiveauConfort) VALUES (3, 'Camping', 'Étape correspond à un emplacement de camping');
INSERT INTO NIVEAU_CONFORT (idNiveauConfort, nomNiveauConfort, descriptionNiveauConfort) VALUES (4, 'Montagne', 'Étape correspond à un endroit en montagne');
INSERT INTO NIVEAU_CONFORT (idNiveauConfort, nomNiveauConfort, descriptionNiveauConfort) VALUES (5, 'Plage', 'Étape correspond à une plage');
INSERT INTO NIVEAU_CONFORT (idNiveauConfort, nomNiveauConfort, descriptionNiveauConfort) VALUES (6, 'Forêt', 'Étape correspond à une forêt');
INSERT INTO NIVEAU_CONFORT (idNiveauConfort, nomNiveauConfort, descriptionNiveauConfort) VALUES (7, 'Campagne', 'Étape correspond à la campagne');
INSERT INTO NIVEAU_CONFORT (idNiveauConfort, nomNiveauConfort, descriptionNiveauConfort) VALUES (8, 'Désert', 'Étape correspond à un désert');
INSERT INTO NIVEAU_CONFORT (idNiveauConfort, nomNiveauConfort, descriptionNiveauConfort) VALUES (9, 'Zone urbaine', 'Étape correspond à une zone urbaine');
INSERT INTO NIVEAU_CONFORT (idNiveauConfort, nomNiveauConfort, descriptionNiveauConfort) VALUES (10, 'Zone rurale', 'Étape correspond à une zone rurale');

INSERT INTO TYPE_SOL (idTypeSol, nomTypeSol) VALUES (1, 'Terre');
INSERT INTO TYPE_SOL (idTypeSol, nomTypeSol) VALUES (2, 'Bitume');
INSERT INTO TYPE_SOL (idTypeSol, nomTypeSol) VALUES (3, 'Gravier');
INSERT INTO TYPE_SOL (idTypeSol, nomTypeSol) VALUES (4, 'Sable');
INSERT INTO TYPE_SOL (idTypeSol, nomTypeSol) VALUES (5, 'Pierre');
INSERT INTO TYPE_SOL (idTypeSol, nomTypeSol) VALUES (6, 'Asphalte');
INSERT INTO TYPE_SOL (idTypeSol, nomTypeSol) VALUES (7, 'Neige');
INSERT INTO TYPE_SOL (idTypeSol, nomTypeSol) VALUES (8, 'Glace');
INSERT INTO TYPE_SOL (idTypeSol, nomTypeSol) VALUES (9, 'Boue');
INSERT INTO TYPE_SOL (idTypeSol, nomTypeSol) VALUES (10, 'Eau');

INSERT INTO ETAPE (codeEtape, nomEtape, latitude, longitude, idNiveauConfort) VALUES (1, 'Paris', 48.8566, 2.3522, 1);
INSERT INTO ETAPE (codeEtape, nomEtape, latitude, longitude, idNiveauConfort) VALUES (2, 'Lyon', 45.75, 4.85, 1);
INSERT INTO ETAPE (codeEtape, nomEtape, latitude, longitude, idNiveauConfort) VALUES (3, 'Marseille', 43.2965, 5.3698, 1);
INSERT INTO ETAPE (codeEtape, nomEtape, latitude, longitude, idNiveauConfort) VALUES (4, 'Toulouse', 43.6045, 1.4442, 1);
INSERT INTO ETAPE (codeEtape, nomEtape, latitude, longitude, idNiveauConfort) VALUES (5, 'Nice', 43.7102, 7.2620, 1);
INSERT INTO ETAPE (codeEtape, nomEtape, latitude, longitude, idNiveauConfort) VALUES (6, 'Nantes', 47.2184, 1.5536, 1);
INSERT INTO ETAPE (codeEtape, nomEtape, latitude, longitude, idNiveauConfort) VALUES (7, 'Strasbourg', 48.5734, 7.7521, 1);
INSERT INTO ETAPE (codeEtape, nomEtape, latitude, longitude, idNiveauConfort) VALUES (8, 'Montpellier', 43.6109, 3.8772, 1);
INSERT INTO ETAPE (codeEtape, nomEtape, latitude, longitude, idNiveauConfort) VALUES (9, 'Bordeaux', 44.8378, 0.5792, 1);
INSERT INTO ETAPE (codeEtape, nomEtape, latitude, longitude, idNiveauConfort) VALUES (10, 'Lille', 50.6292, 3.0573, 1);
INSERT INTO ETAPE (codeEtape, nomEtape, latitude, longitude, idNiveauConfort) VALUES (11, 'Orléans', 47.9029, 1.9099, 1);
INSERT INTO ETAPE (codeEtape, nomEtape, latitude, longitude, idNiveauConfort) VALUES (12, 'Refuge du Mont Blanc', 45.8325, 6.8655, 2);
INSERT INTO ETAPE (codeEtape, nomEtape, latitude, longitude, idNiveauConfort) VALUES (13, 'Camping Les Pins', 43.4211, 4.4526, 3);
INSERT INTO ETAPE (codeEtape, nomEtape, latitude, longitude, idNiveauConfort) VALUES (14, 'Chalet en Montagne', 46.1171, 6.0374, 4);
INSERT INTO ETAPE (codeEtape, nomEtape, latitude, longitude, idNiveauConfort) VALUES (15, 'Plage de Saint-Tropez', 43.2700, 6.6400, 5);
INSERT INTO ETAPE (codeEtape, nomEtape, latitude, longitude, idNiveauConfort) VALUES (16, 'Forêt de Fontainebleau', 48.4042, 2.5989, 6);
INSERT INTO ETAPE (codeEtape, nomEtape, latitude, longitude, idNiveauConfort) VALUES (17, 'Campagne Normande', 49.1104, 0.9947, 7);
INSERT INTO ETAPE (codeEtape, nomEtape, latitude, longitude, idNiveauConfort) VALUES (18, 'Désert des Bardenas', 42.1500, -1.4000, 8);
INSERT INTO ETAPE (codeEtape, nomEtape, latitude, longitude, idNiveauConfort) VALUES (19, 'Quartier de La Défense', 48.8923, 2.2384, 9);
INSERT INTO ETAPE (codeEtape, nomEtape, latitude, longitude, idNiveauConfort) VALUES (20, 'Champs de Blé', 47.7295, 3.5923, 10);

INSERT INTO TRONCON (idTroncon, nomTroncon, distance, denivele, idTypeSol, idEtapeDepart, idEtapeArrivee) VALUES (1, 'Paris-Lyon', 465, 0, 2, 1, 2);
INSERT INTO TRONCON (idTroncon, nomTroncon, distance, denivele, idTypeSol, idEtapeDepart, idEtapeArrivee) VALUES (2, 'Lyon-Marseille', 314, 0, 2, 2, 3);
INSERT INTO TRONCON (idTroncon, nomTroncon, distance, denivele, idTypeSol, idEtapeDepart, idEtapeArrivee) VALUES (3, 'Marseille-Toulouse', 403, 0, 2, 3, 4);
INSERT INTO TRONCON (idTroncon, nomTroncon, distance, denivele, idTypeSol, idEtapeDepart, idEtapeArrivee) VALUES (4, 'Toulouse-Nice', 471, 0, 2, 4, 5);
INSERT INTO TRONCON (idTroncon, nomTroncon, distance, denivele, idTypeSol, idEtapeDepart, idEtapeArrivee) VALUES (5, 'Nice-Nantes', 1025, 0, 2, 5, 6);
INSERT INTO TRONCON (idTroncon, nomTroncon, distance, denivele, idTypeSol, idEtapeDepart, idEtapeArrivee) VALUES (6, 'Nantes-Strasbourg', 785, 0, 2, 6, 7);
INSERT INTO TRONCON (idTroncon, nomTroncon, distance, denivele, idTypeSol, idEtapeDepart, idEtapeArrivee) VALUES (7, 'Strasbourg-Montpellier', 800, 0, 2, 7, 8);
INSERT INTO TRONCON (idTroncon, nomTroncon, distance, denivele, idTypeSol, idEtapeDepart, idEtapeArrivee) VALUES (8, 'Montpellier-Bordeaux', 470, 0, 2, 8, 9);
INSERT INTO TRONCON (idTroncon, nomTroncon, distance, denivele, idTypeSol, idEtapeDepart, idEtapeArrivee) VALUES (9, 'Bordeaux-Lille', 700, 0, 2, 9, 10);
INSERT INTO TRONCON (idTroncon, nomTroncon, distance, denivele, idTypeSol, idEtapeDepart, idEtapeArrivee) VALUES (10, 'Lille-Orléans', 400, 0, 2, 10, 11);
INSERT INTO TRONCON (idTroncon, nomTroncon, distance, denivele, idTypeSol, idEtapeDepart, idEtapeArrivee) VALUES (11, 'Orléans-Refuge du Mont Blanc', 600, 0, 2, 11, 12);
INSERT INTO TRONCON (idTroncon, nomTroncon, distance, denivele, idTypeSol, idEtapeDepart, idEtapeArrivee) VALUES (12, 'Refuge du Mont Blanc-Camping Les Pins', 200, 0, 2, 12, 13);
INSERT INTO TRONCON (idTroncon, nomTroncon, distance, denivele, idTypeSol, idEtapeDepart, idEtapeArrivee) VALUES (13, 'Camping Les Pins-Chalet en Montagne', 300, 0, 2, 13, 14);
INSERT INTO TRONCON (idTroncon, nomTroncon, distance, denivele, idTypeSol, idEtapeDepart, idEtapeArrivee) VALUES (14, 'Chalet en Montagne-Plage de Saint-Tropez', 500, 0, 2, 14, 15);
INSERT INTO TRONCON (idTroncon, nomTroncon, distance, denivele, idTypeSol, idEtapeDepart, idEtapeArrivee) VALUES (15, 'Plage de Saint-Tropez-Forêt de Fontainebleau', 400, 0, 2, 15, 16);
INSERT INTO TRONCON (idTroncon, nomTroncon, distance, denivele, idTypeSol, idEtapeDepart, idEtapeArrivee) VALUES (16, 'Forêt de Fontainebleau-Campagne Normande', 300, 0, 2, 16, 17);
INSERT INTO TRONCON (idTroncon, nomTroncon, distance, denivele, idTypeSol, idEtapeDepart, idEtapeArrivee) VALUES (17, 'Campagne Normande-Désert des Bardenas', 600, 0, 2, 17, 18);
INSERT INTO TRONCON (idTroncon, nomTroncon, distance, denivele, idTypeSol, idEtapeDepart, idEtapeArrivee) VALUES (18, 'Désert des Bardenas-Quartier de La Défense', 800, 0, 2, 18, 19);
INSERT INTO TRONCON (idTroncon, nomTroncon, distance, denivele, idTypeSol, idEtapeDepart, idEtapeArrivee) VALUES (19, 'Quartier de La Défense-Champs de Blé', 500, 0, 2, 19, 20);
INSERT INTO TRONCON (idTroncon, nomTroncon, distance, denivele, idTypeSol, idEtapeDepart, idEtapeArrivee) VALUES (20, 'Orléans-Champs de Blé', 1000, 0, 2, 11, 20);
